Id,StateAbbr,ClientUno,County,StateName,PostalCode,EthnicIdentity,Age,Gender,MaritalStatus,Veteran,Imprisoned,NumberInHousehold,AnnualIncome,AllowedIncome,CheckingBalance,SavingsBalance,InvestmentsBalance,CreatedUtc
1,MS,B731DA7A-A97A-4A2E-BF11-0A126A05AF70,Washington,Mississippi,73179,,NULL,NULL,NULL,NULL,No,3,26000,37190,300,NULL,NULL,########
2,MS,8101DB7C-0CC8-4DE9-9E87-71137269AAD5,Harrison,Mississippi,39560,Caucasian,NULL,Male,Divorced or Widowed,NULL,No,2,52,25390,1,1,NULL,########
3,GA,DD5F1EFC-8298-457F-BC09-CABBEB57A697,Barrow,Georgia,30157,Latino or Hispanic,55,Male,Single,NULL,No,5,3000,60790,NULL,NULL,NULL,########
4,TX,21DC9E3D-D0AA-4B85-88BB-428F5BCF7F13,Lubbock,Texas,79416,Other,61,Female,Married / remarried,No,No,4,15600,48990,100,NULL,NULL,########
5,ID,3782D4F9-9B16-4BC8-ADA3-F85CEE200630,Boise,Idaho,83705,Caucasian,65,Male,Single,No,No,1,15000,13590,580,25,NULL,########
6,CT,F8C0C4C9-0555-4BAF-9324-B2A8DF4E7DF6,New Haven,Connecticut,6511,African American,NULL,Female,Single,NULL,No,3,16800,37190,65,NULL,NULL,########
7,GA,4FF99CB4-7B0C-4EB6-A398-2AB66ED2C171,DeKalb,Georgia,30329,Caucasian,30,Male,Married / remarried,NULL,No,1,24000,13590,NULL,NULL,NULL,########
8,MS,09113F3F-95A2-470B-99B8-12D24E53E388,Lauderdale,Mississippi,39301,Caucasian,NULL,I'd rather not answer,I'd rather not answer,NULL,NULL,NULL,NULL,NULL,NULL,NULL,NULL,########
9,VT,8CB82528-2C00-457E-B598-3FFF65DF4C57,Rutland,Vermont,5701,I'd rather not answer,NULL,I'd rather not answer,I'd rather not answer,NULL,NULL,NULL,NULL,NULL,NULL,NULL,NULL,########
10,WY,4E70BEE4-8BA2-4D04-982E-113E707F9934,Carbon,Wyoming,82301,Caucasian,NULL,Female,Divorced or Widowed,NULL,NULL,NULL,NULL,NULL,NULL,NULL,NULL,########
11,CT,B326BB3C-940C-4146-9DDB-1E892F18884A,Hartford,Connecticut,6001,I'd rather not answer,NULL,I'd rather not answer,I'd rather not answer,NULL,NULL,NULL,NULL,NULL,NULL,NULL,NULL,########
12,MS,EE8F1577-99EF-45B4-AC14-BDEC2FB0E042,Harrison,Mississippi,39532,,NULL,NULL,NULL,NULL,NULL,NULL,NULL,NULL,NULL,NULL,NULL,########
13,NY,2082AB79-7348-4962-AF85-4A651AFCF72F,New York,New York,12207,I'd rather not answer,NULL,I'd rather not answer,I'd rather not answer,NULL,NULL,NULL,NULL,NULL,NULL,NULL,NULL,########
14,AR,811130FC-740F-4B72-8E7D-51285905DA0F,Pulaski,Arkansas,72207,Caucasian,NULL,Female,Married / remarried,NULL,NULL,NULL,NULL,NULL,NULL,NULL,NULL,########
15,WY,5553E4AA-DC7D-49A2-BC38-227E02705024,Natrona,Wyoming,82601,African American,NULL,Male,Single,NULL,No,4,NULL,48990,5,5,NULL,########
16,KS,257291D8-878F-4C45-BC3C-413C7AD2F382,Sedgwick,Kansas,67203,Arab,20,Female,Single,NULL,No,1,5200,13590,NULL,NULL,NULL,########
17,MS,E7952D74-AA6D-4B20-BED0-60B8F973EA30,Yalobusha,Mississippi,38965,Caucasian,NULL,Female,Married / remarried,NULL,No,3,20800,37190,2000,NULL,NULL,########
18,KS,2E93B246-E278-4D2B-8681-0A988454299A,Chase,Kansas,66049,Caucasian,NULL,Female,Single,NULL,NULL,NULL,NULL,NULL,NULL,NULL,NULL,########
19,WY,30B143DC-CA59-4298-B4F5-06ADBE1B00B7,Laramie,Wyoming,82053,Caucasian,NULL,Female,Divorced or Widowed,NULL,No,3,36400,37190,NULL,NULL,NULL,########
20,HI,4FACE022-3889-4105-80CB-F2DB62BFDECD,Hawaii,Hawaii,96813,Slavic,28,Female,Married / remarried,NULL,No,1,12000,15630,NULL,NULL,NULL,########
21,KS,D38F358D-2473-4E66-929F-CF3E80DA6E17,Wyandotte,Kansas,67342,Caucasian,43,Female,Married / remarried,No,No,3,10800,37190,NULL,NULL,NULL,########
22,NY,BB5E9F62-0601-4663-B182-D95F1B478F80,New York,New York,12206,Caucasian,26,Female,Married / remarried,NULL,No,3,200,51350,NULL,NULL,NULL,########
23,CT,7BFCBF4E-EA15-4472-8E0F-B693C81C3A37,New Haven,Connecticut,6492,Caucasian,NULL,Male,Divorced or Widowed,NULL,No,1,20580,13590,-265,20,NULL,########
24,GA,4B61D429-4792-475E-8476-3FCA85FB9D23,Clay,Georgia,31401,Latino or Hispanic,68,Female,Married / remarried,Yes,No,2,11400,25390,200,NULL,NULL,########
25,KS,AFCFC0FF-71B1-400A-9A61-524B1B265A20,Douglas,Kansas,66047,Caucasian,51,Female,Divorced or Widowed,NULL,No,3,19200,37190,125,NULL,NULL,########
26,MS,C9961C4D-D577-4219-8ECF-431699060E4A,Jackson,Mississippi,39564,Caucasian,NULL,Female,Married / remarried,NULL,NULL,NULL,NULL,NULL,NULL,NULL,NULL,########
27,SD,E595A29F-C9C9-40DF-B5D3-30ED33B05712,Codington,South Dakota,57201,Caucasian,36,Female,Single,No,No,5,17420,60790,100,25,NULL,########
28,TN,970A1CA6-F7C6-40E8-A539-0F447BE19D49,Carter,Tennessee,,NULL,NULL,NULL,NULL,NULL,NULL,NULL,NULL,NULL,NULL,NULL,NULL,########
29,MS,B1B63342-E28A-4D2F-BDA6-B787B93FC53D,Warren,Mississippi,39180,Caucasian,NULL,Male,Single,NULL,No,1,12300,13590,NULL,NULL,NULL,########
30,TN,1D86EDB2-8605-4506-A496-F79128DB5816,Sullivan,Tennessee,,NULL,NULL,NULL,NULL,NULL,NULL,NULL,NULL,NULL,NULL,NULL,NULL,########
31,WY,A6990A8D-9B43-4C40-8056-EBE0EC3E66C8,Uinta,Wyoming,82930,Caucasian,38,Female,Separated,No,No,1,48000,13590,547,192,NULL,########
32,MI,6061A885-2900-4D92-89CF-61C630F1A215,Genesee,Michigan,48505,Caucasian,63,Female,Married / remarried,No,No,1,52000,13590,NULL,NULL,NULL,########
33,MS,7B2F2364-FB45-40D8-8C56-BFFD224411B9,Oktibbeha,Mississippi,39759,Caucasian,NULL,Female,Single,NULL,NULL,NULL,NULL,NULL,NULL,NULL,NULL,########
34,SD,DD4004F0-E049-4A41-849D-42BAC2E3C90B,Lawrence,South Dakota,82721,"Caucasian,Native American or Alaska Native",27,Female,Single,No,No,3,8400,37190,100,NULL,NULL,########
35,TN,A095F1C3-75ED-4956-B87F-5B06AF9CCB1E,Roane,Tennessee,,NULL,NULL,NULL,NULL,NULL,NULL,NULL,NULL,NULL,NULL,NULL,NULL,########
36,AK,428FBF9E-FD5B-48A4-AB0D-AC63DE0747BE,Anchorage Municipality,Alaska,99501,Asian,30,Male,Single,No,No,1,33800,16990,50000,0,NULL,########
37,GA,E50601A6-451F-4290-8AD3-F02915701777,Berrien,Georgia,32344,Latino or Hispanic,66,Female,Married / remarried,Yes,No,2,11400,25390,340,NULL,NULL,########
38,MS,B678D461-A836-49B9-BA2A-4827EAF1A227,Pearl River,Mississippi,39426,Caucasian,NULL,Female,Divorced or Widowed,NULL,No,4,12000,48990,NULL,NULL,NULL,########
39,TN,68CDFC74-14CF-4FA0-88C7-F570EE809485,Anderson,Tennessee,,NULL,NULL,NULL,NULL,NULL,NULL,NULL,NULL,NULL,NULL,NULL,NULL,########
40,AK,4A6F0B2E-B78F-436C-A530-D812B50FEC03,Fairbanks North Star Borough,Alaska,99709,Caucasian,60,Male,Single,No,No,1,12000,16990,NULL,NULL,NULL,########
41,CT,14F4276B-D1E6-4CF2-92E9-31B59F30BD03,Hartford,Connecticut,6109,Other,NULL,Female,Single,NULL,No,4,52000,48990,NULL,NULL,NULL,########
42,KS,29291A33-E468-4369-B112-7093A1AB7CDE,Sedgwick,Kansas,67211,I'd rather not answer,NULL,Female,Single,NULL,NULL,NULL,NULL,NULL,NULL,NULL,NULL,########
43,MS,FF4897DD-9B29-46F1-BDF4-4336D9EF3ABD,Harrison,Mississippi,39501,Caucasian,NULL,Female,Single,NULL,No,3,0,37190,0,NULL,NULL,########
44,TN,D6A07AA5-63B3-496C-A6D7-D4DF0FFC1B80,Robertson,Tennessee,,NULL,NULL,NULL,NULL,NULL,NULL,NULL,NULL,NULL,NULL,NULL,NULL,########
45,KS,72D73D88-A228-44B2-972E-3C6313C1D500,Sedgwick,Kansas,67219,"Arab,Other",35,Male,Married / remarried,NULL,No,5,70000,60790,16,NULL,NULL,########
46,TN,4E298D2F-DD2F-4254-81C7-54841EDC4D34,Franklin,Tennessee,,NULL,NULL,NULL,NULL,NULL,NULL,NULL,NULL,NULL,NULL,NULL,NULL,########
47,WY,5F3BB7E4-254B-419A-956E-894DD89D184E,Fremont,Wyoming,82649,Caucasian,NULL,Female,Married / remarried,NULL,No,5,24000,60790,0,NULL,NULL,########
48,AK,CA1FF3DF-5090-471F-BC46-490AABBE54DE,Anchorage Municipality,Alaska,99516,Caucasian,76,Male,Married / remarried,Yes,No,2,37200,31740,300,NULL,NULL,########
49,AR,98334A2B-CC62-4F6D-9F76-94A367D7A38B,Arkansas,Arkansas,72734,Caucasian,54,Male,Single,No,No,1,0,13590,0.01,NULL,NULL,########
50,TN,8C0EE6B1-5DF2-4EE3-8E65-99655E8EE6F8,Sevier,Tennessee,,NULL,NULL,NULL,NULL,NULL,NULL,NULL,NULL,NULL,NULL,NULL,NULL,########
51,AK,ACBA05BA-14EB-4728-B9D8-056BDD2FA2E7,Anchorage Municipality,Alaska,99502,Caucasian,46,Female,Divorced or Widowed,No,No,1,18000,16990,200,200,NULL,########
52,AL,DAAED0B6-B4FC-4171-9814-79210CD90C25,Madison,Alabama,35757,Caucasian,63,Male,Divorced or Widowed,Yes,No,1,14900,13590,NULL,NULL,NULL,########
53,TN,074BBA6B-33D8-4F95-B8EB-1B624AEA78AE,Monroe,Tennessee,,NULL,NULL,NULL,NULL,NULL,NULL,NULL,NULL,NULL,NULL,NULL,NULL,########
54,AL,74F8E97E-85F5-4178-AD35-132A177E12F8,Lauderdale,Alabama,35630,,31,NULL,NULL,NULL,No,3,8000,37190,2000,35,NULL,########
55,LA,41C132A2-429E-4280-823A-B731F8A3BA75,Caddo Parish,Louisiana,71118,Caucasian,NULL,Female,Married / remarried,NULL,No,5,24000,89110,10,10,NULL,########
56,MS,2E996DD6-C499-483B-BAAA-B69E15103C68,Adams,Mississippi,39120,Caucasian,NULL,Male,Single,NULL,No,4,5200,48990,843,NULL,NULL,########
57,TN,615192DB-18C2-4578-AD38-53222F98552D,Madison,Tennessee,,NULL,NULL,NULL,NULL,NULL,NULL,NULL,NULL,NULL,NULL,NULL,NULL,########
58,WY,175FDAFA-3690-4506-8448-CEE61F7770E4,Natrona,Wyoming,82609,Caucasian,NULL,Female,Divorced or Widowed,NULL,No,2,17160,25390,0.75,1.26,NULL,########
59,CT,5E796694-A539-423D-85C2-1F4702A32988,New Haven,Connecticut,6492,Caucasian,NULL,Female,Married / remarried,NULL,No,4,9600,48990,NULL,NULL,NULL,########
60,MD,C0CD436F-66C0-4290-84BA-51AAA68BC850,Baltimore city,Maryland,21210,Caucasian,NULL,Female,Single,NULL,NULL,NULL,NULL,NULL,NULL,NULL,NULL,########
61,MS,430CC74D-89B5-45DE-BBAB-BA94E4803E9E,Rankin,Mississippi,38901,NULL,NULL,NULL,NULL,NULL,NULL,NULL,NULL,NULL,NULL,NULL,NULL,########
62,TN,634BEFC4-BBD8-4134-8022-663FFBF89E79,Shelby,Tennessee,,NULL,NULL,NULL,NULL,NULL,NULL,NULL,NULL,NULL,NULL,NULL,NULL,########
63,TX,BAEC6DE0-BF24-424E-ACC3-4A3993548D24,Tarrant,Texas,76180,Caucasian,21,NULL,NULL,No,No,3,90000,37190,346,NULL,NULL,########
64,MS,3A83092D-A7D5-4AB6-8D70-AC634B8150D3,Harrison,Mississippi,39571,Caucasian,NULL,Male,Married / remarried,NULL,No,4,28600,48990,250,5,NULL,########
65,TN,32F0D411-0B0B-4AD3-B0B4-C6CCE6D7B10C,Shelby,Tennessee,,NULL,NULL,NULL,NULL,NULL,NULL,NULL,NULL,NULL,NULL,NULL,NULL,########
66,TX,236783FF-5040-423E-A150-481EB941C2A5,Travis,Texas,78729,I'd rather not answer,45,Female,Married / remarried,No,No,8,1200,96190,100,NULL,NULL,########
67,MD,ECB5CD4F-4B0E-440A-8E2C-2E403437DA13,Howard,Maryland,21075,African,NULL,Female,Separated,NULL,NULL,NULL,NULL,NULL,NULL,NULL,NULL,########
68,PA,6A3CB204-414E-4831-982E-1528ADFBA9AD,Monroe,Pennsylvania,18302,I'd rather not answer,39,I'd rather not answer,I'd rather not answer,NULL,No,5,0,60790,NULL,NULL,NULL,########
69,TN,23016487-9D10-486E-A33B-EB51A029F47B,Robertson,Tennessee,,NULL,NULL,NULL,NULL,NULL,NULL,NULL,NULL,NULL,NULL,NULL,NULL,########
70,VT,436A05B6-D166-46A8-8842-6B2B7F5C3C14,Washington,Vermont,5602,Caucasian,56,Female,Married / remarried,No,No,2,19604,25390,93,1500,2400,########
71,HI,68F5EC47-46F9-48A5-BBEE-5E00146F0ECA,Honolulu,Hawaii,96813,,30,NULL,NULL,NULL,No,1,12000,15630,NULL,NULL,NULL,########
72,IA,9CA64DBD-3B0F-4F99-A084-3C4C3A65CA46,Fayette,Iowa,50662,Caucasian,NULL,Female,Married / remarried,No,NULL,NULL,NULL,NULL,NULL,NULL,NULL,########
73,KS,F7410C16-9E17-4EE9-B611-F17DC39B9BB8,Crawford,Kansas,66603,I'd rather not answer,60,Female,Married / remarried,NULL,No,2,18000,25390,20,NULL,NULL,########
74,TN,AFDB8E94-E3F3-409C-ADC9-EF1DB39C17C2,Shelby,Tennessee,,NULL,NULL,NULL,NULL,NULL,NULL,NULL,NULL,NULL,NULL,NULL,NULL,########
75,AK,770453D3-AA02-431C-9686-089933E54CD9,Matanuska-Susitna Borough,Alaska,99623,Caucasian,27,Female,Single,No,No,5,27600,75990,200,850,NULL,########
76,AL,B821EB90-A9E2-483D-8559-3130C81AC2CC,DeKalb,Alabama,35951,NULL,NULL,NULL,NULL,NULL,NULL,NULL,NULL,NULL,NULL,NULL,NULL,########
77,AR,9A04E4E4-744C-4149-9783-22F48D6BCDED,Mississippi,Arkansas,36542,Caucasian,32,Female,Single,No,No,3,8400,37190,NULL,NULL,NULL,########
78,HI,B5754834-3AFB-4468-B00E-1BDD6E756897,Honolulu,Hawaii,96819,Asian,35,Female,Married / remarried,NULL,No,2,60000,29205,2000,1000,10000,########
79,IA,88D7D2FE-7DD4-4B86-BC02-B76B16C75D19,Polk,Iowa,50266,Caucasian,27,Male,Single,No,No,3,15000,37190,45,300,NULL,########
80,KS,C84454D7-4D0B-4800-B4D5-79D18D3A24C0,Wyandotte,Kansas,66106,Latino or Hispanic,21,Male,Single,NULL,No,1,15600,13590,45,NULL,NULL,########
81,MD,D66DC76A-92BF-44A3-9931-230D7682CE9F,Baltimore city,Maryland,21229,African American,65,I'd rather not answer,I'd rather not answer,NULL,No,1,42000,13590,NULL,NULL,NULL,########
82,MS,57AFBCC3-64EB-441F-843F-FE2401A63C06,Hancock,Mississippi,39525,Caucasian,NULL,Male,Separated,NULL,NULL,NULL,NULL,NULL,NULL,NULL,NULL,########
83,SD,7774D18D-2ED6-4A5F-B6DA-A00A0045CB32,Brown,South Dakota,57401,,37,NULL,NULL,NULL,No,5,36400,60790,NULL,NULL,NULL,########
84,TN,A03ECCB6-F82F-4E7B-B548-D789AE5F9A4A,Washington,Tennessee,,NULL,NULL,NULL,NULL,NULL,NULL,NULL,NULL,NULL,NULL,NULL,NULL,########
85,AK,23734A74-53F3-4199-886E-FF203606B130,Anchorage Municipality,Alaska,99502,Caucasian,60,Female,Divorced or Widowed,No,No,3,62400,46490,2500,1000,NULL,########
86,AL,16904C6F-9CCE-49FC-A515-32A37FB7F73A,Tallapoosa,Alabama,35010,,20,NULL,NULL,NULL,No,2,35000,25390,125,25,NULL,########
87,HI,19B88C3B-C505-4B68-B2CF-60171B7FB696,Honolulu,Hawaii,96819,Asian,35,Female,Single,NULL,No,1,24000,15630,500,NULL,NULL,########
88,KS,C22EAC2A-0EE0-4A42-BA3B-A2A4499105E1,Shawnee,Kansas,66614,"Caucasian,Other",38,Female,Single,NULL,No,3,3600,37190,NULL,NULL,NULL,########
89,MS,4BFF1FFC-5BA2-46A8-825D-1BCAEF706F65,Harrison,Mississippi,39535,Caucasian,NULL,Male,Divorced or Widowed,NULL,NULL,NULL,NULL,NULL,NULL,NULL,NULL,########
90,PA,1516E276-6708-41DC-8B97-06BB1D9CCF13,Luzerne,Pennsylvania,18202,Native American or Alaska Native,46,Female,Single,No,No,1,20000,13590,103,NULL,NULL,########
91,TN,669A1C1B-34E7-45E0-9063-BFB1F7ADBAD1,Shelby,Tennessee,,NULL,NULL,NULL,NULL,NULL,NULL,NULL,NULL,NULL,NULL,NULL,NULL,########
92,AK,98952475-FEF6-42FA-B408-42E219BF9C37,Matanuska-Susitna Borough,Alaska,99645,Caucasian,28,Female,Divorced or Widowed,No,No,3,27600,46490,600,1200,NULL,########
93,KS,4109F6A3-025A-4205-84A3-F7C9B5C6A323,Reno,Kansas,67530,,35,NULL,NULL,NULL,No,2,12000,25390,-500,NULL,NULL,########
94,LA,64441EAE-70E3-43A5-A9BD-BE881900C6C5,Ouachita Parish,Louisiana,71291,Latino or Hispanic,NULL,Male,Divorced or Widowed,NULL,No,3,40800,51350,NULL,NULL,NULL,########
95,MD,BC8A321E-DF8C-43FC-8567-A3EAB560D1D6,Baltimore city,Maryland,21217,African American,NULL,Female,Single,NULL,NULL,NULL,NULL,NULL,NULL,NULL,NULL,########
96,MS,0C2AF625-8F37-4B66-9BB0-6CD39C6FB174,Harrison,Mississippi,39540,Caucasian,NULL,Female,Single,NULL,NULL,NULL,NULL,NULL,NULL,NULL,NULL,########
97,SD,7BA3C57A-C46A-4401-99C4-929146DD7115,Minnehaha,South Dakota,57106,Caucasian,56,Male,Separated,No,No,1,26400,13590,900,NULL,NULL,########
98,TN,A87E4329-645E-48AB-A28A-BBE61D12F918,Sullivan,Tennessee,,NULL,NULL,NULL,NULL,NULL,NULL,NULL,NULL,NULL,NULL,NULL,NULL,########
99,TX,C7A71E21-9982-475A-848A-12A1FE297C3F,Kaufman,Texas,75150,African American,33,Female,Married / remarried,No,No,3,3400,37190,NULL,NULL,NULL,########
100,AR,F5865E3B-E771-422E-A888-115924A5DB45,St. Francis,Arkansas,72223,Asian,24,Female,Single,No,No,1,18200,13590,624.75,NULL,NULL,########
101,IL,1DD418A2-95A9-4529-A92C-C25CAEC06201,Kankakee,Illinois,60950,African American,43,Male,Single,NULL,No,1,5824,13590,-188,NULL,NULL,########
102,MS,BD2B85C3-3B80-4536-858E-CDCC0347F74E,Harrison,Mississippi,39503,Caucasian,NULL,Female,Divorced or Widowed,NULL,No,4,4536,48990,-77.11,NULL,NULL,########
103,NY,4C0BE808-6E09-4E8F-A1E5-A21C6EEC1FC1,Albany,New York,12207,Caucasian,NULL,Female,Single,NULL,No,1,1200,13590,100,NULL,NULL,########
104,OK,05BEBC86-C70A-4EDD-826E-71E3478CC55B,Carter,Oklahoma,76102,Caucasian,NULL,Male,Single,NULL,No,1,0,13590,NULL,NULL,NULL,########
105,TN,3AE43EC3-8B5C-4315-8D49-DA39BCD6120D,Shelby,Tennessee,,NULL,41,NULL,NULL,NULL,No,4,30000,48990,NULL,NULL,NULL,########
106,AL,43E910C6-03E7-401A-8C0A-131B9C12AE6D,Calhoun,Alabama,36201,Caucasian,34,Female,Divorced or Widowed,No,No,2,25,25390,5,NULL,NULL,########
107,IL,C2A01C7F-D50B-4FAD-9814-E66CB4BEDA65,LaSalle,Illinois,61379,Caucasian,25,Female,Married / remarried,NULL,No,1,22800,13590,6,NULL,NULL,########
108,MD,7AE7F3DD-74BA-4CB8-BE11-F90BD4A154C8,Washington,Maryland,21740,Caucasian,38,Male,Married / remarried,NULL,No,2,24000,25390,NULL,NULL,NULL,########
109,OK,A6AB4BC2-77C4-4DC7-B1A9-4F1574CE8CFE,Oklahoma,Oklahoma,73120,"Caucasian,Native American or Alaska Native",NULL,Female,Single,NULL,NULL,NULL,NULL,NULL,NULL,NULL,NULL,########
110,PA,F8E178A1-AE24-47E4-8F50-0EA11091EEEC,Wayne,Pennsylvania,18436,Caucasian,45,Male,Separated,No,No,2,21600,25390,0,NULL,NULL,########
111,SD,005DB461-BF3F-47DF-AA2C-F94D739D35A7,Minnehaha,South Dakota,57033,Caucasian,43,Female,Separated,No,No,4,8400,48990,200,NULL,NULL,########
112,TN,BE33311B-E99F-45AB-9C4F-6CE237BC4299,Anderson,Tennessee,,NULL,NULL,NULL,NULL,NULL,NULL,NULL,NULL,NULL,NULL,NULL,NULL,########
113,WY,B76776E7-7F8C-4E0B-893C-313D12A215D7,Sheridan,Wyoming,82801,"Caucasian,Latino or Hispanic",NULL,Female,Separated,NULL,No,2,20400,25390,177,14,NULL,########
114,AK,25800988-3D40-498C-8DB5-35F6F33C4554,Anchorage Municipality,Alaska,99501,Latino or Hispanic,31,Female,Married / remarried,No,No,2,36400,31740,318,6,NULL,########
115,IA,D258C368-D83A-41B4-A209-0B78835041CB,Webster,Iowa,50501,Caucasian,28,Female,Single,No,No,1,10000,13590,100,NULL,NULL,########
116,OK,028BE3BF-22E6-4A4F-A075-C5162903F8B1,Wagoner,Oklahoma,74436,Caucasian,NULL,Female,Married / remarried,NULL,NULL,NULL,NULL,NULL,NULL,NULL,NULL,########
117,TN,07F4D9BE-8F4A-4783-9033-91800D017D53,Williamson,Tennessee,,NULL,NULL,NULL,NULL,NULL,NULL,NULL,NULL,NULL,NULL,NULL,NULL,########
118,TX,B58067ED-3853-4C7D-9EEA-48E6265E480E,Harris,Texas,77396,Latino or Hispanic,20,Female,Married / remarried,No,No,5,0,60790,NULL,NULL,NULL,########
119,AK,6C456164-2CA7-4CA3-89B7-B79F519BACB8,Fairbanks North Star Borough,Alaska,99701,,55,NULL,NULL,NULL,No,2,19200,31740,59,NULL,NULL,########
120,CT,55D5C775-B071-45F7-9599-B02E836EDB27,Hartford,Connecticut,6101,Latino or Hispanic,NULL,Male,Single,NULL,NULL,NULL,NULL,NULL,NULL,NULL,NULL,########
121,GA,2A026AB4-8F83-4AC7-BC3A-8AD2E5B15DA8,Clayton,Georgia,30296,African American,42,Female,Single,No,No,4,22344,48990,3.21,0,NULL,########
122,KS,7803BF38-4CE7-41F9-9089-690EBA83B2D5,Jackson,Kansas,64112,Caucasian,47,Male,Divorced or Widowed,No,No,1,52000,13590,300,NULL,NULL,########
123,MS,959144FB-E22A-40E2-9140-CCDE46DFBA6C,Hancock,Mississippi,39576,Caucasian,NULL,Female,Divorced or Widowed,NULL,No,1,7800,13590,NULL,NULL,NULL,########
124,TN,0AB7EC4A-A531-4DFE-99F1-D07316822153,Shelby,Tennessee,,NULL,NULL,NULL,NULL,NULL,NULL,NULL,NULL,NULL,NULL,NULL,NULL,########
125,AL,2A6557BD-CC1A-46FD-8C7D-EF4B72FF8B60,Chilton,Alabama,35085,Caucasian,NULL,Female,Single,No,NULL,NULL,NULL,NULL,NULL,NULL,NULL,########
126,KS,03803D97-D8C1-489F-A1BB-4A2500FB370F,Johnson,Kansas,66210,Caucasian,46,Male,Divorced or Widowed,No,No,1,0,13590,NULL,NULL,NULL,########
127,LA,F70E36DD-A053-49C0-9154-635B4BB289E4,Bossier Parish,Louisiana,71112,NULL,NULL,NULL,NULL,NULL,NULL,NULL,NULL,NULL,NULL,NULL,NULL,########
128,MD,FDD0A34A-851A-4EAD-A100-576DDFDE47D7,Anne Arundel,Maryland,21061,African American,18,Female,Single,NULL,No,8,3600,96190,NULL,NULL,NULL,########
129,PA,075B52B6-2B44-4961-B045-ADFF8CA1C7C3,Bucks,Pennsylvania,19021,Other,47,I'd rather not answer,Single,NULL,No,3,23000,37190,500,60,NULL,########
130,SD,9346E732-7DC3-4A61-A2BF-BD16AF6AA6D9,Minnehaha,South Dakota,57106,Caucasian,49,Female,Single,No,No,2,31200,25390,NULL,NULL,NULL,########
131,TN,486C0B3D-3430-4871-A7E8-2F444B209887,Smith,Tennessee,,NULL,NULL,NULL,NULL,NULL,NULL,NULL,NULL,NULL,NULL,NULL,NULL,########
132,AL,D3A3B871-94F3-4339-B129-E3BE9655D0B5,St. Clair,Alabama,35131,Caucasian,32,Male,I'd rather not answer,No,No,3,20000,37190,NULL,NULL,NULL,########
133,CT,D7C08BB2-4F7E-4D98-9FE9-89065097C007,New Haven,Connecticut,6410,I'd rather not answer,NULL,I'd rather not answer,I'd rather not answer,NULL,NULL,NULL,NULL,NULL,NULL,NULL,NULL,########
134,HI,8169AC42-044E-4F78-9F80-5CD1CD7DF768,Honolulu,Hawaii,96813,,27,NULL,NULL,NULL,No,2,12000,29205,NULL,NULL,NULL,########
135,LA,B269F066-2572-422E-A841-68B83C5708B2,Tangipahoa Parish,Louisiana,78665,NULL,NULL,NULL,NULL,NULL,NULL,NULL,NULL,NULL,NULL,NULL,NULL,########
136,MI,93A37083-3910-4481-A55E-11762CB81FB4,Monroe,Michigan,48191,Caucasian,27,Female,Married / remarried,No,No,2,15600,23030,NULL,NULL,NULL,########
137,OK,D5602C52-6FB5-4BE5-9E43-6D713D01DF98,Canadian,Oklahoma,73099,Other,NULL,Female,Married / remarried,NULL,No,2,26400,25390,-102,NULL,NULL,########
138,SD,96B135B2-A8AE-43F4-906C-85F98F215200,Lincoln,South Dakota,57013,Caucasian,33,Female,Separated,No,No,4,25200,48990,0,NULL,NULL,########
139,TN,56E376C1-3F75-4E7C-B435-4EFC5C6966C7,Shelby,Tennessee,,NULL,NULL,NULL,NULL,NULL,NULL,NULL,NULL,NULL,NULL,NULL,NULL,########
140,TX,44E18540-FC41-4A3B-8E93-493D4AA9B742,Harris,Texas,77373,Latino or Hispanic,57,Male,Single,No,No,2,23000,25390,10,NULL,NULL,########
141,VT,EE5573B0-AB70-4560-9543-9AC2C784829A,Rutland,Vermont,5701,,59,NULL,NULL,NULL,No,2,0,25390,NULL,NULL,NULL,########
142,WY,AB688F92-BBAC-4693-ACFA-C4984571F8F6,Laramie,Wyoming,82001,Caucasian,NULL,Female,Single,NULL,NULL,NULL,NULL,NULL,NULL,NULL,NULL,########
143,AK,3EDFBA70-5147-4FFB-80AB-671876DD7A65,Anchorage Municipality,Alaska,99567,Caucasian,25,Male,Single,No,No,1,12000,16990,NULL,NULL,NULL,########
144,MI,945462DE-DC5C-4B83-92DC-BA32FD4D7132,Oakland,Michigan,48167,Caucasian,25,Male,Single,No,No,1,32000,13590,1000,NULL,NULL,########
145,MO,1180426E-DB2B-4EB5-9869-5410ED28FE3F,Platte,Missouri,64150,"Caucasian,Native American or Alaska Native",35,Female,Married / remarried,No,No,1,912000,13590,200,1,NULL,########
146,MS,9E4A87C8-36F8-4011-B8AC-DAAC10A7643B,Prentiss,Mississippi,38829,Caucasian,NULL,Female,Divorced or Widowed,NULL,NULL,NULL,NULL,NULL,NULL,NULL,NULL,########
147,PA,95054FED-774B-407D-BE11-D6E5D18902D0,Franklin,Pennsylvania,17268,Caucasian,29,Male,Single,No,No,3,30000,37190,NULL,NULL,NULL,########
148,TN,501D06FF-E189-4FA7-B41A-394BB60DC6DC,Sullivan,Tennessee,,NULL,NULL,NULL,NULL,NULL,NULL,NULL,NULL,NULL,NULL,NULL,NULL,########
149,VT,C4C8FC97-3F2F-4D30-959B-D1FACC433841,Orange,Vermont,5060,NULL,NULL,NULL,NULL,NULL,NULL,NULL,NULL,NULL,NULL,NULL,NULL,########
150,GA,7F5C4CEE-2E58-4317-8D1C-19E7AAC001B1,Henry,Georgia,30281,NULL,NULL,NULL,NULL,NULL,NULL,NULL,NULL,NULL,NULL,NULL,NULL,########
151,IA,24222890-9E40-4EF2-AF49-4CB101C8080F,Linn,Iowa,52404,African American,24,Male,Single,No,No,1,15000,13590,0,500,NULL,########
152,IL,4C22E25E-B84C-4F26-8D6E-8D038E87C6CD,Cook,Illinois,60652,I'd rather not answer,30,I'd rather not answer,I'd rather not answer,NULL,No,5,10400,70230,NULL,NULL,NULL,########
153,KS,8E17D6CD-0945-4890-BE4C-3682A5C7456B,Johnson,Kansas,66202,Caucasian,NULL,Male,Divorced or Widowed,No,NULL,NULL,NULL,NULL,NULL,NULL,NULL,########
154,MI,CFDE0989-3152-4020-B456-EBE2FE3F3086,Wayne,Michigan,48146,Caucasian,53,Female,Married / remarried,No,No,2,17400,23030,NULL,NULL,NULL,########
155,MO,9C3CE280-7918-4E60-993C-AEF51ECAF1B6,Jackson,Missouri,64126,,33,NULL,NULL,NULL,No,7,19200,126870,180,0,NULL,########
156,MS,7B5D37C0-BB63-4F42-B32D-77B9CCA948A8,Tate,Mississippi,38618,,NULL,NULL,NULL,NULL,NULL,NULL,NULL,NULL,NULL,NULL,NULL,########
157,PA,7853102F-DB58-4B3E-857D-227C17D146AF,Berks,Pennsylvania,19601,Latino or Hispanic,NULL,Female,Single,No,NULL,NULL,NULL,NULL,NULL,NULL,NULL,########
158,TN,CEE50B48-5BAF-4829-9D98-578902914EA0,Shelby,Tennessee,,NULL,NULL,NULL,NULL,NULL,NULL,NULL,NULL,NULL,NULL,NULL,NULL,########
159,AL,AA876E07-AE5C-44D7-9218-423BFD477772,Madison,Alabama,35805,Caucasian,51,Male,Single,No,No,2,5000,25390,NULL,NULL,NULL,########
160,GA,014CAA4B-CA56-41C0-97F6-CF7939E80DD9,Bulloch,Georgia,30089,I'd rather not answer,50,Female,I'd rather not answer,NULL,No,2,6000,25390,NULL,NULL,NULL,########
161,KS,2801C1A9-8908-4BD9-8772-39E99A531756,Johnson,Kansas,66083,Latino or Hispanic,31,Female,Divorced or Widowed,No,No,3,18200,37190,1,NULL,NULL,########
162,MS,09319467-3E7F-4233-83BC-BBF76F23D683,Tate,Mississippi,38618,,NULL,NULL,NULL,NULL,No,1,14400,13590,1000,NULL,NULL,########
163,OK,E4FD5FDF-80E5-4E72-ACFB-38138E5CB69D,Oklahoma,Oklahoma,73003,African American,NULL,Male,Single,NULL,NULL,NULL,NULL,NULL,NULL,NULL,NULL,########
164,PA,81A579D7-5F3D-4BD2-A48A-E6793A4D8879,Butler,Pennsylvania,16066,Caucasian,41,Female,Divorced or Widowed,No,No,3,93000,37190,1500,12000,NULL,########
165,SD,981A800E-FE9E-4762-902C-229A83C57335,Lake,South Dakota,57042,Caucasian,64,Male,Married / remarried,Yes,No,5,26000,60790,100,NULL,NULL,########
166,TN,82AFDD7D-B2C3-40ED-9021-F273EADD6490,Monroe,Tennessee,,NULL,NULL,NULL,NULL,NULL,NULL,NULL,NULL,NULL,NULL,NULL,NULL,########
167,TX,64359B7B-5719-481A-BE1A-6F5266938D55,Harris,Texas,77017,Latino or Hispanic,56,Female,Separated,No,No,2,19000,25390,500,NULL,NULL,########
168,VT,5F5FEBDC-F0E6-4170-B1FB-FFDECFF949AE,Bennington,Vermont,5261,Caucasian,38,Female,Married / remarried,No,No,5,36000,60790,NULL,NULL,NULL,########
169,AK,62B73517-89F0-456D-8687-12AB646B05D4,Matanuska-Susitna Borough,Alaska,99687,Caucasian,25,Female,Married / remarried,No,No,5,31200,75990,100,NULL,NULL,########
170,AL,7774B84D-E8D4-4E51-8802-A585BA2779FB,Fayette,Alabama,75034,,53,NULL,NULL,NULL,No,2,80000,25390,1700,4000,NULL,########
171,AR,081FBA8F-36F2-4F4D-B189-31AF87F49AE0,Arkansas,Arkansas,72712,Caucasian,NULL,Female,Separated,No,NULL,NULL,NULL,NULL,NULL,NULL,NULL,########
172,CT,B6057A00-9FC4-451D-8E87-3A25B020764D,Windham,Connecticut,6026,Caucasian,NULL,Female,Married / remarried,NULL,No,3,18312,37190,2.2,5,NULL,########
173,PA,5688456C-0EB3-4637-A48F-0C06FC28D627,Cumberland,Pennsylvania,17013,"Caucasian,Other",49,Female,Single,No,No,2,8000,25390,123,400,NULL,########
174,TN,2885398A-B1E9-4920-B927-67D12D32FE5A,Roane,Tennessee,,NULL,NULL,NULL,NULL,NULL,NULL,NULL,NULL,NULL,NULL,NULL,NULL,########
175,TX,2720A6A7-DC92-4253-BA22-48AD11199F63,Bell,Texas,76522,Other,20,Female,Separated,No,No,1,10000,13590,123,NULL,NULL,########
176,VT,9DE39857-E19C-4185-BED8-8D86309F660B,Washington,Vermont,5679,Caucasian,76,Female,Divorced or Widowed,No,No,4,18000,48990,1200,NULL,NULL,########
177,AK,E31F66C6-89BD-447F-BB77-E4BC930B681F,Matanuska-Susitna Borough,Alaska,99688,I'd rather not answer,56,Female,Divorced or Widowed,Yes,No,1,16020,16990,200,25,NULL,########
178,AL,93575743-95CB-4E11-83D8-34D32BAD8372,Cherokee,Alabama,35960,Caucasian,60,Male,Married / remarried,No,No,2,50000,25390,1,1,NULL,########
179,AR,1625E699-C6A0-402B-AFFF-07244BC74EC0,Arkansas,Arkansas,72206,Caucasian,NULL,Female,Single,No,NULL,NULL,NULL,NULL,NULL,NULL,NULL,########
180,AZ,8DE470A7-ABDD-40D0-AFF2-E47C9AAD36B9,Maricopa,Arizona,,NULL,NULL,NULL,NULL,NULL,NULL,NULL,NULL,NULL,NULL,NULL,NULL,########
181,GA,C2A6A773-2B7B-4D9E-98E1-3504C24DB4FB,Clarke,Georgia,30605,Caucasian,38,Male,Single,No,No,2,48000,25390,130,NULL,NULL,########
182,IA,48C4B636-8244-4C39-A8ED-79A15AE8EEA6,Polk,Iowa,50249,Caucasian,NULL,Female,Divorced or Widowed,No,NULL,NULL,NULL,NULL,NULL,NULL,NULL,########
183,MD,9F6F7680-2421-45BC-B3BA-60E2C576E495,Baltimore,Maryland,21224,African American,54,Male,Married / remarried,NULL,No,3,1104000,37190,100,135,NULL,########
184,TN,27F8932F-2843-4948-B8E1-99E4A30CC28A,Rutherford,Tennessee,,NULL,NULL,NULL,NULL,NULL,NULL,NULL,NULL,NULL,NULL,NULL,NULL,########
185,AK,D77055A5-E0C5-44B7-895E-32D7CD40CA25,Matanuska-Susitna Borough,Alaska,99623,Caucasian,58,Female,Married / remarried,No,No,2,51600,31740,285,NULL,NULL,########
186,AL,97442621-E259-468D-A3E7-6236373E6296,Cherokee,Alabama,35960,Caucasian,60,Male,Married / remarried,No,No,2,16000,25390,NULL,NULL,NULL,########
187,AR,6EF4BC9A-CB65-41D0-B78D-4FBD9BEA2AAD,Madison,Arkansas,72727,Caucasian,25,Female,Married / remarried,No,No,2,8400,25390,NULL,NULL,NULL,########
188,AZ,0ADF9EA9-D233-4F4C-8D4F-5D9AD55CC795,Maricopa,Arizona,,NULL,NULL,NULL,NULL,NULL,NULL,NULL,NULL,NULL,NULL,NULL,NULL,########
189,GA,11807126-A67D-4549-954D-5C79F075CF09,Clarke,Georgia,30605,Caucasian,71,Male,Divorced or Widowed,No,No,1,18228,13590,130,NULL,NULL,########
190,KS,8BC2B32B-A0F4-4355-AC18-31D0D032459D,Crawford,Kansas,66743,Caucasian,26,Female,Married / remarried,No,No,4,30000,48990,5,NULL,NULL,########
191,MD,5FB210A6-7A9E-4344-8A62-D3905701A2FD,Baltimore,Maryland,19446,,72,NULL,NULL,NULL,No,1,12000,13590,2000,NULL,NULL,########
192,MS,6219EDB9-E5CE-423C-8064-C815557C5886,Harrison,Mississippi,39532,African American,NULL,Female,Married / remarried,NULL,No,5,50400,60790,0,100,NULL,########
193,TN,F0C38120-5815-41F4-A217-E95796DA91F6,Marshall,Tennessee,,NULL,NULL,NULL,NULL,NULL,NULL,NULL,NULL,NULL,NULL,NULL,NULL,########
194,AK,BF36735E-D21F-4419-AF8C-CCEC4C1456F8,Matanuska-Susitna Borough,Alaska,99654,"Caucasian,Native American or Alaska Native",NULL,Female,Single,No,NULL,NULL,NULL,NULL,NULL,NULL,NULL,########
195,AZ,42FC1027-E33B-40EF-831F-5AC0FDDA6260,Maricopa,Arizona,,NULL,NULL,NULL,NULL,NULL,NULL,NULL,NULL,NULL,NULL,NULL,NULL,########
196,CT,B089D18F-BF5F-428E-9F58-30047974375D,New Haven,Connecticut,6460,NULL,NULL,NULL,NULL,NULL,NULL,NULL,NULL,NULL,NULL,NULL,NULL,########
197,IA,879AE237-CC58-493F-AE95-1475330D7915,Story,Iowa,50046,Caucasian,NULL,Female,Single,No,NULL,NULL,NULL,NULL,NULL,NULL,NULL,########
198,LA,D3707858-FA5A-454C-8A97-845C41D9D5C8,Vermilion Parish,Louisiana,70560,Caucasian,NULL,Male,Single,NULL,No,4,15600,70230,20,NULL,NULL,########
199,MI,10EC54C3-76E6-4D3B-B791-AA48B81FA164,Genesee,Michigan,48420,African American,36,Male,Single,No,No,3,18200,32470,NULL,NULL,NULL,########
200,MS,FF00A0A4-3E52-4886-9843-B574A44072B1,Madison,Mississippi,39157,,NULL,NULL,NULL,NULL,No,2,9600,25390,170,NULL,NULL,########
201,PA,5844CB45-CB13-4C6C-88FC-52D4CF56C440,Westmoreland,Pennsylvania,15650,Caucasian,62,Female,Married / remarried,No,No,2,120000,25390,1400,1400,NULL,########
202,TN,FC0C6E64-A625-4E0F-8FA1-B56CD728486F,Shelby,Tennessee,,NULL,NULL,NULL,NULL,NULL,NULL,NULL,NULL,NULL,NULL,NULL,NULL,########
203,TX,CF3D823C-4853-44A9-8E10-6BC35D5CFCAE,Johnson,Texas,76028,Caucasian,41,Male,Married / remarried,No,No,5,30000,60790,200,10,NULL,########
204,VT,42946282-0361-480A-9F50-81A177516829,Essex,Vermont,5906,Caucasian,37,Female,Married / remarried,No,No,5,24000,60790,1700,200,NULL,########
205,AZ,AC6A1AF5-010F-4A50-B804-2D3B047E1C65,Maricopa,Arizona,,NULL,NULL,NULL,NULL,NULL,NULL,NULL,NULL,NULL,NULL,NULL,NULL,########
206,CT,9730E74E-F2CF-41B3-8DC1-2533E1998EC5,Fairfield,Connecticut,6610,African American,52,Female,Single,No,No,2,9600,25390,NULL,NULL,NULL,########
207,IL,A6238514-FEED-4D12-8B5F-129279ACC21E,McHenry,Illinois,60098,Caucasian,59,Female,Separated,NULL,No,1,17076,13590,2204,3737,NULL,########
208,PA,63EAC4D5-B609-4A6B-9DEE-53BFFDCD65AA,Beaver,Pennsylvania,15003,Caucasian,NULL,Female,Single,No,NULL,NULL,NULL,NULL,NULL,NULL,NULL,########
209,TN,EFD84A7F-6FFE-48CE-A861-069E793BE758,Rutherford,Tennessee,,NULL,NULL,NULL,NULL,NULL,NULL,NULL,NULL,NULL,NULL,NULL,NULL,########
210,VA,A9ECFD3B-4ACA-4A8C-ACC0-244DAA9F4AA7,Roanoke (city),Virginia,24011,I'd rather not answer,NULL,Female,Divorced or Widowed,NULL,No,2,18000,25390,500,NULL,NULL,########
211,WY,7CBBFC56-863B-4D68-B0E5-EDBE6DECD819,Carbon,Wyoming,82301,Caucasian,NULL,Male,Married / remarried,NULL,NULL,NULL,NULL,NULL,NULL,NULL,NULL,########
212,AZ,247C6EF1-3F7E-4A4E-9327-086E5E6AD652,Pima,Arizona,,NULL,NULL,NULL,NULL,NULL,NULL,NULL,NULL,NULL,NULL,NULL,NULL,########
213,CT,54A1B09F-427A-4FB9-B9F2-D5DD88218180,New Haven,Connecticut,6460,Caucasian,NULL,Male,Divorced or Widowed,NULL,NULL,NULL,NULL,NULL,NULL,NULL,NULL,########
214,GA,1130D378-29D4-4109-8542-343A31EFACB0,Cobb,Georgia,30067,Caucasian,48,Male,Single,No,No,1,15600,13590,25,NULL,NULL,########
215,IA,B412DFBE-67DE-430C-8676-94C178FFF092,Webster,Iowa,50501,Caucasian,41,Male,Divorced or Widowed,No,No,2,19000,25390,150,NULL,NULL,########
216,MD,4969667A-D47A-4133-8E03-4ADA52BCB6E4,Montgomery,Maryland,20014,I'd rather not answer,68,Male,Single,NULL,No,3,30000,37190,120,NULL,NULL,########
217,PA,92633969-0B71-4FEB-9621-6DA52BB43AEF,Somerset,Pennsylvania,15563,Caucasian,61,Female,Married / remarried,No,No,2,0,25390,1563,NULL,NULL,########
218,SD,790AE41F-411E-4CFA-B92B-C3958A96D9E9,Charles Mix,South Dakota,57367,Caucasian,53,Female,Married / remarried,No,No,4,31200,48990,200,NULL,NULL,########
219,TN,B0AB00A6-529A-4D60-93FB-E7C5D41DB8F8,Cocke,Tennessee,,NULL,NULL,NULL,NULL,NULL,NULL,NULL,NULL,NULL,NULL,NULL,NULL,########
220,WY,1B0E8F56-7A20-4D3C-B06E-A9891362B52A,Sheridan,Wyoming,82801,Caucasian,NULL,Female,Single,NULL,No,2,18000,25390,1500,NULL,NULL,########
221,AK,A57C8561-B7FD-4685-9C16-85EEDDEDA3A1,Valdez-Cordova Census Area,Alaska,99686,,30,NULL,NULL,NULL,No,1,7200,16990,NULL,NULL,NULL,########
222,AL,FA9E6DF4-3421-4047-9200-F6CBFAFB66F4,Limestone,Alabama,35613,Caucasian,59,Male,Single,No,No,1,10000,13590,350,NULL,NULL,########
223,AZ,C3DCACA8-DCEA-4624-9735-7D4BE55C14B0,Pima,Arizona,,NULL,NULL,NULL,NULL,NULL,NULL,NULL,NULL,NULL,NULL,NULL,NULL,########
224,CT,D5F1B335-34A6-428C-87FF-74A69E1D2404,Fairfield,Connecticut,6484,I'd rather not answer,NULL,Male,I'd rather not answer,NULL,NULL,NULL,NULL,NULL,NULL,NULL,NULL,########
225,IA,7600CDCE-EEF7-4033-B14E-84B7F128CBE1,Mahaska,Iowa,52577,Caucasian,45,Female,Divorced or Widowed,Yes,No,1,5000,13590,NULL,6,NULL,########
226,MI,F23D401E-DF6E-4556-A0EC-A58C6F9126FC,Genesee,Michigan,48532,Caucasian,78,Male,Married / remarried,Yes,No,2,21600,23030,250,NULL,NULL,########
227,PA,928CCF8D-15CA-49B1-9F44-3E922E608628,Berks,Pennsylvania,19543,Caucasian,57,Female,Separated,No,No,1,31000,13590,1000,800,NULL,########
228,TN,DFD47902-48DA-48B7-A47E-ED33A270A2BC,Unicoi,Tennessee,,NULL,NULL,NULL,NULL,NULL,NULL,NULL,NULL,NULL,NULL,NULL,NULL,########
229,TX,69679D8E-0677-46BE-8783-918FD17E1087,Harris,Texas,77008,Caucasian,66,Female,Divorced or Widowed,No,No,2,2200,25390,2500,NULL,NULL,########
230,VA,78A4EEE5-AA39-4B71-ABD9-C1B67FD397C2,Loudoun,Virginia,20165,,NULL,NULL,NULL,NULL,NULL,NULL,NULL,NULL,NULL,NULL,NULL,########
231,VT,65734C18-50C3-4D36-931D-96607DB6C8D1,Rutland,Vermont,5751,I'd rather not answer,36,Female,Single,No,No,5,7992,60790,NULL,NULL,NULL,########
232,AK,AF898687-F482-48CE-84E7-A6EC17DAA4C0,Anchorage Municipality,Alaska,99507,"Caucasian,Native American or Alaska Native",37,Female,Single,No,No,1,52000,16990,1200,20000,NULL,########
233,AL,6701EE91-40F8-4C12-A209-8B81FDAFB5A3,Jefferson,Alabama,35126,I'd rather not answer,26,I'd rather not answer,I'd rather not answer,NULL,No,4,40000,48990,50,70,NULL,########
234,AR,C9B9AC32-2624-435F-8899-C9E043628B8C,Drew,Arkansas,71646,Caucasian,31,Female,Single,No,No,2,24622,25390,248,NULL,NULL,########
235,AZ,0BBAA9DB-9198-4F0E-B3DC-1FD093B03827,Navajo,Arizona,,NULL,NULL,NULL,NULL,NULL,NULL,NULL,NULL,NULL,NULL,NULL,NULL,########
236,CT,61AC222A-F1E8-427C-AD7E-C78E95A735A3,Hartford,Connecticut,6010,African American,NULL,Male,Married / remarried,NULL,NULL,NULL,NULL,NULL,NULL,NULL,NULL,########
237,MD,8722B181-24C9-43C3-A965-05C894B1AFCB,St. Mary's,Maryland,20653,I'd rather not answer,38,Female,Single,NULL,No,4,20400,48990,NULL,NULL,NULL,########
238,NY,C2A4382F-E17E-40F4-A469-3EA2729800E8,New York,New York,10002,,NULL,NULL,NULL,NULL,No,2,12144,32470,3,0,NULL,########
239,TN,01FB6713-EFE0-4D15-A861-228DB18BF68F,Montgomery,Tennessee,,NULL,NULL,NULL,NULL,NULL,NULL,NULL,NULL,NULL,NULL,NULL,NULL,########
240,VT,D0E650EF-2DD2-441C-97CD-D7D3E20374F5,Rutland,Vermont,5765,Caucasian,29,Female,Married / remarried,No,No,4,16900,48990,62,15,NULL,########
241,AK,71C4E876-5B42-4F3E-A037-1510B3D46531,Anchorage Municipality,Alaska,99503,Caucasian,55,Female,Divorced or Widowed,No,No,1,16596,16990,24,3,NULL,########
242,AR,BC18843A-F956-443E-8BE3-BC4721A4CFDD,Washington,Arkansas,72762,Caucasian,32,Female,Married / remarried,No,No,3,45600,37190,406,3000,NULL,########
243,AZ,EB449201-BE76-42D6-98D3-D7898F065C16,Pima,Arizona,,NULL,NULL,NULL,NULL,NULL,NULL,NULL,NULL,NULL,NULL,NULL,NULL,########
244,CA,6DA8C43F-D3D9-4FD4-AF93-1E43D1F852CE,Ventura,California,91320,Other,27,Female,Single,No,No,1,60000,13590,2000,1000,NULL,########
245,CT,681B7971-24BA-41C8-897B-90CBC6D96048,Fairfield,Connecticut,6824,I'd rather not answer,NULL,I'd rather not answer,I'd rather not answer,NULL,No,3,20800,37190,200,NULL,NULL,########
246,GA,CE05E9A4-9FCC-4304-8520-49660771A398,Tift,Georgia,31794,Caucasian,23,Female,Divorced or Widowed,No,No,4,9456,48990,NULL,NULL,NULL,########
247,IL,7602AC34-EDB8-4A2D-9E11-396A24BB2CB7,DuPage,Illinois,60516,Caucasian,40,Female,Single,NULL,No,1,11748,13590,750,NULL,NULL,########
248,MO,B9E04870-0D1B-4FFF-BBD4-07BECCE50855,Jackson,Missouri,64114,Caucasian,59,Female,Married / remarried,No,No,2,22000,32470,40,NULL,NULL,########
249,TN,28CEBC85-502F-45AF-A344-F9F255EDC8AD,Blount,Tennessee,,NULL,NULL,NULL,NULL,NULL,NULL,NULL,NULL,NULL,NULL,NULL,NULL,########
250,TX,81F4E3CE-2E6F-40E6-9D4B-21DC895315C2,Titus,Texas,75686,,76,NULL,NULL,NULL,No,3,20000,37190,100,NULL,NULL,########
251,AK,3191CC39-5740-45BA-849E-9E14D2CC49E7,Anchorage Municipality,Alaska,99501,Native American or Alaska Native,47,Female,Single,No,No,2,70200,31740,6000,0.46,NULL,########
252,AZ,563DEA92-E4CA-4276-B799-520AB541E838,Gila,Arizona,,NULL,NULL,NULL,NULL,NULL,NULL,NULL,NULL,NULL,NULL,NULL,NULL,########
253,IA,A41B145B-B5F7-4045-A3BE-6272159F2969,Black Hawk,Iowa,50703,NULL,NULL,NULL,NULL,NULL,NULL,NULL,NULL,NULL,NULL,NULL,NULL,########
254,MS,03BECCD2-E556-4025-AE3E-6AEA502731D6,Madison,Mississippi,39046,African American,NULL,Female,Single,NULL,No,1,21864,13590,83,NULL,NULL,########
255,OK,82496BF9-E178-4C32-A3C7-34884959B585,Creek,Oklahoma,74066,Caucasian,NULL,Female,Married / remarried,NULL,No,4,9588,48990,NULL,NULL,NULL,########
256,SD,0D1196A6-B124-4779-8B4E-C193712EE44B,Minnehaha,South Dakota,57103,Caucasian,62,Male,Single,Yes,No,1,15600,13590,250,NULL,NULL,########
257,TN,BA8114BD-1D70-4826-AC85-562D6D1B40BE,Marion,Tennessee,,NULL,NULL,NULL,NULL,NULL,NULL,NULL,NULL,NULL,NULL,NULL,NULL,########
258,AK,DE015BD0-B94F-4984-9CFA-0EAA33670406,Matanuska-Susitna Borough,Alaska,99654,Caucasian,59,Female,Single,No,No,1,34800,16990,6,NULL,NULL,########
259,AL,091ACD59-E5EF-415E-84B0-527C77952D85,Etowah,Alabama,35957,African American,25,Male,Married / remarried,No,No,3,9000,37190,NULL,NULL,NULL,########
260,AZ,60317ECB-D243-419A-BC03-02755685669E,Maricopa,Arizona,,NULL,NULL,NULL,NULL,NULL,NULL,NULL,NULL,NULL,NULL,NULL,NULL,########
261,CT,41D1CCD8-F23B-4142-94FE-232BEF1DB9A4,New Haven,Connecticut,6492,Caucasian,NULL,Male,Married / remarried,NULL,NULL,NULL,NULL,NULL,NULL,NULL,NULL,########
262,IA,B691BB94-2267-49D2-9438-D59ED029B258,Iowa,Iowa,50702,Caucasian,30,Female,Single,No,No,3,17000,37190,600,5,NULL,########
263,LA,E3B506CA-C9F2-4F5E-95E0-566A48EB2F83,Lafayette Parish,Louisiana,70529,Caucasian,NULL,Female,Separated,NULL,No,2,0,32470,NULL,NULL,NULL,########
264,TN,E877121C-E28E-4782-A2A0-A1EF02FB6CB5,Weakley,Tennessee,,NULL,NULL,NULL,NULL,NULL,NULL,NULL,NULL,NULL,NULL,NULL,NULL,########
265,VT,57B18BE4-7CBA-4F3E-B5C6-5F8C650C4861,Chittenden,Vermont,5401,Caucasian,23,Male,Single,No,No,1,15574,13590,1842,420,NULL,########
266,AR,9B367645-6867-4701-B3B2-14AD030F48B3,Pulaski,Arkansas,72209,African American,52,Female,Separated,No,No,1,8400,13590,NULL,NULL,NULL,########
267,AZ,14E016D9-57EF-4291-AEB4-A27C1B6E80DE,Maricopa,Arizona,,NULL,NULL,NULL,NULL,NULL,NULL,NULL,NULL,NULL,NULL,NULL,NULL,########
268,CT,621696BD-3BBA-4FBE-8551-757EC7517C61,New Haven,Connecticut,6516,Caucasian,NULL,Female,Separated,NULL,No,4,53300,48990,25,NULL,NULL,########
269,GA,C1658B24-EDB8-4833-8AA8-3F56FF3B56F0,Chatham,Georgia,31545,Caucasian,46,Female,Married / remarried,No,No,4,7664,48990,20,0,NULL,########
270,IA,E777309D-F135-4AF6-8115-8221828C5D7B,Monroe,Iowa,50150,"Caucasian,Other",39,Female,Divorced or Widowed,No,No,2,12000,25390,1,5,NULL,########
271,MD,93FC4D68-1E6D-4E87-8835-F601373F25A2,Baltimore city,Maryland,21212,African American,44,Male,Divorced or Widowed,Yes,No,3,31200,37190,463,5,NULL,########
272,MI,1C1FE654-68C1-44A8-A0BA-6B068CF3D504,Genesee,Michigan,48423,Caucasian,23,Female,Single,No,No,1,16900,13590,320,NULL,NULL,########
273,MO,7F82A36F-438D-4913-B4ED-46C89C510FB0,Cape Girardeau,Missouri,63703,Caucasian,77,Female,Divorced or Widowed,No,No,1,14400,13590,2000,NULL,NULL,########
274,TN,BA5CA6A8-9C7C-4559-8573-9B3FA51BE910,Davidson,Tennessee,,NULL,NULL,NULL,NULL,NULL,NULL,NULL,NULL,NULL,NULL,NULL,NULL,########
275,AZ,B7221D90-80D5-4DF3-B7D0-86418A298924,Maricopa,Arizona,,NULL,NULL,NULL,NULL,NULL,NULL,NULL,NULL,NULL,NULL,NULL,NULL,########
276,HI,FFFE1482-0595-4425-AFD7-86957BAD168F,Hawaii,Hawaii,96749,Caucasian,56,Female,Married / remarried,NULL,No,3,36000,42780,300,1000,NULL,########
277,IL,6AB8924F-4D30-4EE7-88D2-253AB35DA5EC,DuPage,Illinois,60191,Caucasian,NULL,Female,Divorced or Widowed,NULL,NULL,NULL,NULL,NULL,NULL,NULL,NULL,########
278,MO,072A11C1-FF5B-4CF0-8216-54BC3556619A,Jackson,Missouri,64112,Caucasian,31,Male,Single,No,No,1,31000,13590,1700,150,NULL,########
279,OK,FC52EDB7-B3DC-4C84-8033-F6095091ABAD,Cherokee,Oklahoma,74464,"Caucasian,Latino or Hispanic",NULL,Male,Separated,NULL,NULL,NULL,NULL,NULL,NULL,NULL,NULL,########
280,SD,7BA0CD40-F01D-4BF6-9977-B7FDAE0F4CCD,Minnehaha,South Dakota,57106,Caucasian,38,Female,Single,No,No,1,0,13590,70,NULL,NULL,########
281,TN,40879165-57DD-4D1E-998F-406C1FD09425,Marshall,Tennessee,,NULL,NULL,NULL,NULL,NULL,NULL,NULL,NULL,NULL,NULL,NULL,NULL,########
282,WY,C3052842-CEB4-40BE-8AAD-9426AF426825,Laramie,Wyoming,82007,Latino or Hispanic,NULL,Male,Married / remarried,NULL,NULL,NULL,NULL,NULL,NULL,NULL,NULL,########
283,AL,2F94BDBA-9817-42DD-9CB3-7BB1C1AED3D0,Lowndes,Alabama,36040,NULL,NULL,NULL,NULL,NULL,NULL,NULL,NULL,NULL,NULL,NULL,NULL,########
284,AZ,C5ACB506-481B-4FF3-8A8F-B524C661C68C,Maricopa,Arizona,,NULL,NULL,NULL,NULL,NULL,NULL,NULL,NULL,NULL,NULL,NULL,NULL,########
285,CA,CDD4AED7-7A47-49DC-BF94-D9292AD7A567,Alameda,California,95009,I'd rather not answer,41,I'd rather not answer,I'd rather not answer,NULL,No,3,50000,51350,NULL,NULL,NULL,########
286,IL,6F9E00E6-17C3-428F-A1F9-6B59F62043A4,Cook,Illinois,60005,I'd rather not answer,54,Male,Separated,NULL,Yes,1,13200,13590,1000,8000,NULL,########
287,ME,908DABAE-7E94-4AD2-880B-53FBEFF98E92,Kennebec,Maine,4345,Caucasian,27,Female,Single,No,No,2,10000,32470,NULL,NULL,NULL,########
288,OK,31072E8E-F0DF-4478-A35D-7BB803E4341D,Oklahoma,Oklahoma,73129,Caucasian,NULL,Female,Married / remarried,NULL,No,2,18000,25390,NULL,NULL,NULL,########
289,TN,5DAD7A35-8812-435E-8B30-4C36AE1AF7A2,Sumner,Tennessee,,NULL,NULL,NULL,NULL,NULL,NULL,NULL,NULL,NULL,NULL,NULL,NULL,########
290,TX,FDC0267A-EE63-402B-BD26-458483E29C67,Atascosa,Texas,78065,NULL,NULL,NULL,NULL,NULL,NULL,NULL,NULL,NULL,NULL,NULL,NULL,########
291,VT,783250EF-3A89-4C3B-8229-B22B797C20F3,Chittenden,Vermont,11101,Caucasian,34,Male,Single,Yes,No,1,49400,13590,40,NULL,NULL,########
292,WY,E3A28394-0CFA-4F00-AC12-4D176924E766,Campbell,Wyoming,82716,,NULL,NULL,NULL,NULL,No,4,3600,48990,23,NULL,NULL,########
293,AL,5006E184-A799-4E5C-8DF2-F2081EA982CE,Calhoun,Alabama,36265,Caucasian,27,Female,Single,No,No,2,24000,25390,100,5,NULL,########
294,AZ,D407A628-5CA4-41B7-8B54-D0BEBAEE6C8D,Maricopa,Arizona,,NULL,NULL,NULL,NULL,NULL,NULL,NULL,NULL,NULL,NULL,NULL,NULL,########